cell,nucleus,s_b_ex,s_Y
1,1,0.00650014094091047,0.207209402804313
2,1,0.0137186119723884,0.235298605433399
